{"accuracy": 0.956081081081081, "precision": 0.9494949494949495, "recall": 0.9215686274509803, "f1_score": 0.9353233830845771, "auc_roc": 0.9838285829795836}